[{"model": "admin.logentry", "pk": 1, "fields": {"action_time": "2024-10-23T06:07:31.437Z", "user": 1, "content_type": 7, "object_id": "1", "object_repr": "Administraci≤n estratΘgica", "action_flag": 1, "change_message": "[{\"added\": {}}]"}}, {"model": "admin.logentry", "pk": 2, "fields": {"action_time": "2024-10-23T06:08:23.192Z", "user": 1, "content_type": 7, "object_id": "1", "object_repr": "Administraci≤n estratΘgica", "action_flag": 2, "change_message": "[]"}}, {"model": "admin.logentry", "pk": 3, "fields": {"action_time": "2024-10-23T06:11:49.919Z", "user": 1, "content_type": 7, "object_id": "2", "object_repr": "El libro negro del programador", "action_flag": 1, "change_message": "[{\"added\": {}}]"}}, {"model": "admin.logentry", "pk": 4, "fields": {"action_time": "2024-10-23T06:15:09.203Z", "user": 1, "content_type": 7, "object_id": "3", "object_repr": "Mßs allß del bien y del mal", "action_flag": 1, "change_message": "[{\"added\": {}}]"}}, {"model": "admin.logentry", "pk": 5, "fields": {"action_time": "2024-10-23T06:19:36.666Z", "user": 1, "content_type": 7, "object_id": "4", "object_repr": "Derecho del trabajo", "action_flag": 1, "change_message": "[{\"added\": {}}]"}}, {"model": "admin.logentry", "pk": 6, "fields": {"action_time": "2024-10-24T20:21:12.850Z", "user": 1, "content_type": 8, "object_id": "1", "object_repr": "Filosofφa", "action_flag": 1, "change_message": "[{\"added\": {}}]"}}, {"model": "admin.logentry", "pk": 7, "fields": {"action_time": "2024-10-24T20:21:25.289Z", "user": 1, "content_type": 7, "object_id": "3", "object_repr": "Mßs allß del bien y del mal", "action_flag": 2, "change_message": "[{\"changed\": {\"fields\": [\"Area\"]}}]"}}, {"model": "admin.logentry", "pk": 8, "fields": {"action_time": "2024-10-24T20:21:50.841Z", "user": 1, "content_type": 8, "object_id": "2", "object_repr": "Legal", "action_flag": 1, "change_message": "[{\"added\": {}}]"}}, {"model": "admin.logentry", "pk": 9, "fields": {"action_time": "2024-10-24T20:22:00.925Z", "user": 1, "content_type": 8, "object_id": "3", "object_repr": "Ingenierφa", "action_flag": 1, "change_message": "[{\"added\": {}}]"}}, {"model": "admin.logentry", "pk": 10, "fields": {"action_time": "2024-10-24T20:22:09.018Z", "user": 1, "content_type": 8, "object_id": "4", "object_repr": "Salud", "action_flag": 1, "change_message": "[{\"added\": {}}]"}}, {"model": "admin.logentry", "pk": 11, "fields": {"action_time": "2024-10-24T20:22:16.189Z", "user": 1, "content_type": 8, "object_id": "5", "object_repr": "Tecnologφa", "action_flag": 1, "change_message": "[{\"added\": {}}]"}}, {"model": "admin.logentry", "pk": 12, "fields": {"action_time": "2024-10-24T20:22:26.414Z", "user": 1, "content_type": 7, "object_id": "4", "object_repr": "Derecho del trabajo", "action_flag": 2, "change_message": "[{\"changed\": {\"fields\": [\"Area\"]}}]"}}, {"model": "admin.logentry", "pk": 13, "fields": {"action_time": "2024-10-24T20:22:38.424Z", "user": 1, "content_type": 7, "object_id": "2", "object_repr": "El libro negro del programador", "action_flag": 2, "change_message": "[{\"changed\": {\"fields\": [\"Area\"]}}]"}}, {"model": "admin.logentry", "pk": 14, "fields": {"action_time": "2024-10-24T20:22:50.185Z", "user": 1, "content_type": 8, "object_id": "6", "object_repr": "Empresarial", "action_flag": 1, "change_message": "[{\"added\": {}}]"}}, {"model": "admin.logentry", "pk": 15, "fields": {"action_time": "2024-10-24T20:22:58.045Z", "user": 1, "content_type": 7, "object_id": "1", "object_repr": "Administraci≤n estratΘgica", "action_flag": 2, "change_message": "[{\"changed\": {\"fields\": [\"Area\"]}}]"}}, {"model": "admin.logentry", "pk": 16, "fields": {"action_time": "2024-10-30T13:36:14.454Z", "user": 1, "content_type": 7, "object_id": "4", "object_repr": "Derecho del trabajo", "action_flag": 2, "change_message": "[{\"changed\": {\"fields\": [\"Kword\"]}}]"}}, {"model": "admin.logentry", "pk": 17, "fields": {"action_time": "2024-10-30T13:36:26.167Z", "user": 1, "content_type": 7, "object_id": "3", "object_repr": "Mßs allß del bien y del mal", "action_flag": 2, "change_message": "[{\"changed\": {\"fields\": [\"Kword\"]}}]"}}, {"model": "admin.logentry", "pk": 18, "fields": {"action_time": "2024-10-30T13:36:49.489Z", "user": 1, "content_type": 7, "object_id": "2", "object_repr": "El libro negro del programador", "action_flag": 2, "change_message": "[{\"changed\": {\"fields\": [\"Kword\"]}}]"}}, {"model": "admin.logentry", "pk": 19, "fields": {"action_time": "2024-10-30T13:37:01.218Z", "user": 1, "content_type": 7, "object_id": "1", "object_repr": "Administraci≤n estratΘgica", "action_flag": 2, "change_message": "[{\"changed\": {\"fields\": [\"Kword\"]}}]"}}, {"model": "admin.logentry", "pk": 20, "fields": {"action_time": "2024-11-06T12:38:24.781Z", "user": 1, "content_type": 7, "object_id": "2", "object_repr": "El libro negro del programador", "action_flag": 2, "change_message": "[{\"changed\": {\"fields\": [\"Area2\"]}}]"}}, {"model": "admin.logentry", "pk": 21, "fields": {"action_time": "2024-11-06T12:38:50.870Z", "user": 1, "content_type": 7, "object_id": "1", "object_repr": "Administraci≤n estratΘgica", "action_flag": 2, "change_message": "[{\"changed\": {\"fields\": [\"Area2\"]}}]"}}, {"model": "admin.logentry", "pk": 22, "fields": {"action_time": "2024-11-07T19:02:18.978Z", "user": 1, "content_type": 8, "object_id": "2", "object_repr": "Derecho", "action_flag": 2, "change_message": "[{\"changed\": {\"fields\": [\"Area\"]}}]"}}, {"model": "admin.logentry", "pk": 23, "fields": {"action_time": "2024-11-07T19:02:46.133Z", "user": 1, "content_type": 11, "object_id": "1", "object_repr": "Derecho Constitucional", "action_flag": 1, "change_message": "[{\"added\": {}}]"}}, {"model": "admin.logentry", "pk": 24, "fields": {"action_time": "2024-11-07T19:02:53.552Z", "user": 1, "content_type": 11, "object_id": "2", "object_repr": "Derecho Administrativo", "action_flag": 1, "change_message": "[{\"added\": {}}]"}}, {"model": "admin.logentry", "pk": 25, "fields": {"action_time": "2024-11-07T19:03:00.898Z", "user": 1, "content_type": 11, "object_id": "3", "object_repr": "Derecho Civil", "action_flag": 1, "change_message": "[{\"added\": {}}]"}}, {"model": "admin.logentry", "pk": 26, "fields": {"action_time": "2024-11-07T19:03:08.367Z", "user": 1, "content_type": 11, "object_id": "4", "object_repr": "Derecho Penal", "action_flag": 1, "change_message": "[{\"added\": {}}]"}}, {"model": "admin.logentry", "pk": 27, "fields": {"action_time": "2024-11-07T19:03:15.450Z", "user": 1, "content_type": 11, "object_id": "5", "object_repr": "Derecho Mercantil", "action_flag": 1, "change_message": "[{\"added\": {}}]"}}, {"model": "admin.logentry", "pk": 28, "fields": {"action_time": "2024-11-07T19:03:23.375Z", "user": 1, "content_type": 11, "object_id": "6", "object_repr": "Derecho Laboral", "action_flag": 1, "change_message": "[{\"added\": {}}]"}}, {"model": "admin.logentry", "pk": 29, "fields": {"action_time": "2024-11-07T19:03:29.968Z", "user": 1, "content_type": 11, "object_id": "7", "object_repr": "Derecho Internacional", "action_flag": 1, "change_message": "[{\"added\": {}}]"}}, {"model": "admin.logentry", "pk": 30, "fields": {"action_time": "2024-11-07T19:03:39.058Z", "user": 1, "content_type": 11, "object_id": "8", "object_repr": "Derecho Ambiental", "action_flag": 1, "change_message": "[{\"added\": {}}]"}}, {"model": "admin.logentry", "pk": 31, "fields": {"action_time": "2024-11-07T19:03:46.433Z", "user": 1, "content_type": 11, "object_id": "9", "object_repr": "Derecho de la Propiedad Intelectual", "action_flag": 1, "change_message": "[{\"added\": {}}]"}}, {"model": "admin.logentry", "pk": 32, "fields": {"action_time": "2024-11-07T19:03:53.214Z", "user": 1, "content_type": 11, "object_id": "10", "object_repr": "Derecho de la Competencia", "action_flag": 1, "change_message": "[{\"added\": {}}]"}}, {"model": "admin.logentry", "pk": 33, "fields": {"action_time": "2024-11-07T19:04:03.636Z", "user": 1, "content_type": 11, "object_id": "11", "object_repr": "Derecho Empresarial", "action_flag": 1, "change_message": "[{\"added\": {}}]"}}, {"model": "admin.logentry", "pk": 34, "fields": {"action_time": "2024-11-07T19:04:12.665Z", "user": 1, "content_type": 11, "object_id": "12", "object_repr": "Derecho P·blico y Privado", "action_flag": 1, "change_message": "[{\"added\": {}}]"}}, {"model": "admin.logentry", "pk": 35, "fields": {"action_time": "2024-11-07T19:25:31.815Z", "user": 1, "content_type": 12, "object_id": "1", "object_repr": "Universidad nacional siglo XX", "action_flag": 1, "change_message": "[{\"added\": {}}]"}}, {"model": "admin.logentry", "pk": 36, "fields": {"action_time": "2024-11-07T19:29:09.376Z", "user": 1, "content_type": 10, "object_id": "1", "object_repr": "INCORPORACI╙N DE LA FIGURA JUR═DICA ôELECCI╙N DEL DEFENSOR DEL PUEBLO POR VOTO POPULARö COMO LEGITIMIDAD CIUDADANA A LA CONSTITUCI╙N POL═TICA DEL ESTADO", "action_flag": 1, "change_message": "[{\"added\": {}}]"}}, {"model": "admin.logentry", "pk": 37, "fields": {"action_time": "2024-11-08T03:02:29.351Z", "user": 1, "content_type": 13, "object_id": "1", "object_repr": "Encuentra el mejor apoyo bibliogrßfico para su tesis o proyecto de grado.", "action_flag": 1, "change_message": "[{\"added\": {}}]"}}, {"model": "admin.logentry", "pk": 38, "fields": {"action_time": "2024-11-08T03:03:36.395Z", "user": 1, "content_type": 13, "object_id": "2", "object_repr": "Consulta formatos y modelos de las mejores tesis revisada por nuestra ßrea acadΘmica.", "action_flag": 1, "change_message": "[{\"added\": {}}]"}}, {"model": "admin.logentry", "pk": 39, "fields": {"action_time": "2024-11-08T03:04:26.466Z", "user": 1, "content_type": 13, "object_id": "3", "object_repr": "Gestiona tus b·squedas y contacta con un tutor.", "action_flag": 1, "change_message": "[{\"added\": {}}]"}}, {"model": "admin.logentry", "pk": 40, "fields": {"action_time": "2024-11-11T12:27:36.683Z", "user": 1, "content_type": 13, "object_id": "3", "object_repr": "Gestiona tus b·squedas y contacta con un tutor.", "action_flag": 2, "change_message": "[]"}}, {"model": "admin.logentry", "pk": 41, "fields": {"action_time": "2024-11-11T12:27:39.003Z", "user": 1, "content_type": 13, "object_id": "2", "object_repr": "Consulta formatos y modelos de las mejores tesis revisada por nuestra ßrea acadΘmica.", "action_flag": 2, "change_message": "[]"}}, {"model": "admin.logentry", "pk": 42, "fields": {"action_time": "2024-11-11T12:27:41.573Z", "user": 1, "content_type": 13, "object_id": "1", "object_repr": "Encuentra el mejor apoyo bibliogrßfico para su tesis o proyecto de grado.", "action_flag": 2, "change_message": "[]"}}, {"model": "admin.logentry", "pk": 43, "fields": {"action_time": "2024-11-11T19:26:39.196Z", "user": 1, "content_type": 7, "object_id": "4", "object_repr": "Derecho del trabajo", "action_flag": 2, "change_message": "[]"}}, {"model": "admin.logentry", "pk": 44, "fields": {"action_time": "2024-11-11T19:42:55.667Z", "user": 1, "content_type": 7, "object_id": "4", "object_repr": "Derecho del trabajo", "action_flag": 2, "change_message": "[]"}}, {"model": "admin.logentry", "pk": 45, "fields": {"action_time": "2024-11-13T15:00:56.345Z", "user": 1, "content_type": 4, "object_id": "2", "object_repr": "estudiante1", "action_flag": 1, "change_message": "[{\"added\": {}}]"}}, {"model": "admin.logentry", "pk": 46, "fields": {"action_time": "2024-11-13T19:09:39.312Z", "user": 1, "content_type": 14, "object_id": "1", "object_repr": "REVISTA JURIDICA  UMSA  - EL DERECHO HUMANO DE ACCESO A LA JUSTICIA DE  -  TRUJILLO R., ┴VILA J. - ABRIL 2019", "action_flag": 1, "change_message": "[{\"added\": {}}]"}}, {"model": "admin.logentry", "pk": 47, "fields": {"action_time": "2024-11-13T19:11:38.731Z", "user": 1, "content_type": 14, "object_id": "1", "object_repr": "REVISTA JURIDICA  UMSA  - EL DERECHO HUMANO DE ACCESO A LA JUSTICIA DE  -  TRUJILLO R., ┴VILA J. - ABRIL 2019", "action_flag": 2, "change_message": "[]"}}, {"model": "admin.logentry", "pk": 48, "fields": {"action_time": "2024-11-13T20:04:17.181Z", "user": 1, "content_type": 14, "object_id": "2", "object_repr": "REVISTA CIENTIFICA CIENCIAS ECONOMICAS Y EMPRESARIALES-N10V4-2019", "action_flag": 1, "change_message": "[{\"added\": {}}]"}}, {"model": "admin.logentry", "pk": 49, "fields": {"action_time": "2024-11-14T03:37:20.101Z", "user": 1, "content_type": 14, "object_id": "2", "object_repr": "REVISTA CIENTIFICA CIENCIAS ECONOMICAS Y EMPRESARIALES-N10V4-2019", "action_flag": 2, "change_message": "[{\"changed\": {\"fields\": [\"MagazineImages\"]}}]"}}, {"model": "admin.logentry", "pk": 50, "fields": {"action_time": "2024-11-14T03:53:36.570Z", "user": 1, "content_type": 14, "object_id": "2", "object_repr": "REVISTA CIENTIFICA CIENCIAS ECONOMICAS Y EMPRESARIALES-N10V4-2019", "action_flag": 2, "change_message": "[{\"changed\": {\"fields\": [\"MagazineImages\"]}}]"}}, {"model": "admin.logentry", "pk": 51, "fields": {"action_time": "2024-11-14T12:25:26.199Z", "user": 1, "content_type": 14, "object_id": "1", "object_repr": "REVISTA JURIDICA  UMSA  - EL DERECHO HUMANO DE ACCESO A LA JUSTICIA DE  -  TRUJILLO R., ┴VILA J. - ABRIL 2019", "action_flag": 2, "change_message": "[{\"changed\": {\"fields\": [\"MagazineImages\"]}}]"}}, {"model": "admin.logentry", "pk": 52, "fields": {"action_time": "2024-11-14T12:33:10.959Z", "user": 1, "content_type": 14, "object_id": "1", "object_repr": "REVISTA JURIDICA  UMSA  - EL DERECHO HUMANO DE ACCESO A LA JUSTICIA DE  -  TRUJILLO R., ┴VILA J. - ABRIL 2019", "action_flag": 2, "change_message": "[{\"changed\": {\"fields\": [\"MagazineImages\"]}}]"}}, {"model": "admin.logentry", "pk": 53, "fields": {"action_time": "2024-11-14T12:35:49.514Z", "user": 1, "content_type": 14, "object_id": "1", "object_repr": "REVISTA JURIDICA  UMSA  - EL DERECHO HUMANO DE ACCESO A LA JUSTICIA DE  -  TRUJILLO R., ┴VILA J. - ABRIL 2019", "action_flag": 2, "change_message": "[{\"changed\": {\"fields\": [\"MagazineImages\"]}}]"}}, {"model": "admin.logentry", "pk": 54, "fields": {"action_time": "2024-11-14T12:36:35.091Z", "user": 1, "content_type": 14, "object_id": "1", "object_repr": "REVISTA JURIDICA  UMSA  - EL DERECHO HUMANO DE ACCESO A LA JUSTICIA DE  -  TRUJILLO R., ┴VILA J. - ABRIL 2019", "action_flag": 2, "change_message": "[{\"changed\": {\"fields\": [\"MagazineImages\"]}}]"}}, {"model": "admin.logentry", "pk": 55, "fields": {"action_time": "2024-11-14T12:41:08.323Z", "user": 1, "content_type": 14, "object_id": "2", "object_repr": "REVISTA CIENTIFICA CIENCIAS ECONOMICAS Y EMPRESARIALES-N10V4-2019", "action_flag": 2, "change_message": "[{\"changed\": {\"fields\": [\"MagazineImages\"]}}]"}}, {"model": "admin.logentry", "pk": 56, "fields": {"action_time": "2024-11-14T12:41:47.752Z", "user": 1, "content_type": 14, "object_id": "2", "object_repr": "REVISTA CIENTIFICA CIENCIAS ECONOMICAS Y EMPRESARIALES-N10V4-2019", "action_flag": 2, "change_message": "[{\"changed\": {\"fields\": [\"MagazineImages\"]}}]"}}, {"model": "admin.logentry", "pk": 57, "fields": {"action_time": "2024-11-14T12:56:24.714Z", "user": 1, "content_type": 14, "object_id": "2", "object_repr": "REVISTA CIENTIFICA CIENCIAS ECONOMICAS Y EMPRESARIALES-N10V4-2019", "action_flag": 2, "change_message": "[{\"changed\": {\"fields\": [\"MagazineFiles\"]}}]"}}, {"model": "admin.logentry", "pk": 58, "fields": {"action_time": "2024-11-18T15:13:38.928Z", "user": 1, "content_type": 15, "object_id": "4", "object_repr": "ripper  - Derecho del trabajo", "action_flag": 3, "change_message": ""}}, {"model": "admin.logentry", "pk": 59, "fields": {"action_time": "2024-11-18T15:13:38.928Z", "user": 1, "content_type": 15, "object_id": "3", "object_repr": "ripper  - Mßs allß del bien y del mal", "action_flag": 3, "change_message": ""}}, {"model": "admin.logentry", "pk": 60, "fields": {"action_time": "2024-11-18T15:13:38.928Z", "user": 1, "content_type": 15, "object_id": "2", "object_repr": "ripper  - El libro negro del programador", "action_flag": 3, "change_message": ""}}, {"model": "admin.logentry", "pk": 61, "fields": {"action_time": "2024-11-18T15:13:38.928Z", "user": 1, "content_type": 15, "object_id": "1", "object_repr": "ripper  - Administraci≤n estratΘgica", "action_flag": 3, "change_message": ""}}, {"model": "admin.logentry", "pk": 62, "fields": {"action_time": "2024-11-18T18:45:02.769Z", "user": 1, "content_type": 15, "object_id": "5", "object_repr": "ripper  - Administraci≤n estratΘgica", "action_flag": 3, "change_message": ""}}, {"model": "admin.logentry", "pk": 63, "fields": {"action_time": "2024-11-26T14:23:15.252Z", "user": 1, "content_type": 15, "object_id": "6", "object_repr": "ripper  - Administraci≤n estratΘgica", "action_flag": 3, "change_message": ""}}, {"model": "admin.logentry", "pk": 64, "fields": {"action_time": "2024-11-26T14:38:50.737Z", "user": 1, "content_type": 15, "object_id": "11", "object_repr": "ripper  - Administraci≤n estratΘgica", "action_flag": 3, "change_message": ""}}, {"model": "admin.logentry", "pk": 65, "fields": {"action_time": "2024-11-27T02:11:33.584Z", "user": 1, "content_type": 7, "object_id": "5", "object_repr": "ADMINISTRACI╙N  DE LA CADENA DE SUMINISTRO", "action_flag": 1, "change_message": "[{\"added\": {}}]"}}, {"model": "admin.logentry", "pk": 66, "fields": {"action_time": "2024-11-27T02:18:17.513Z", "user": 1, "content_type": 7, "object_id": "6", "object_repr": "AN┴LISIS DE EDIFICIOS", "action_flag": 1, "change_message": "[{\"added\": {}}]"}}, {"model": "admin.logentry", "pk": 67, "fields": {"action_time": "2024-11-29T13:35:24.982Z", "user": 1, "content_type": 16, "object_id": "1", "object_repr": "EL DERECHO HUMANO DE ACCESO A LA JUSTICIA DE LOS TRABAJADORES BUROCR┴TICOS EN M╔XICO", "action_flag": 1, "change_message": "[{\"added\": {}}]"}}, {"model": "admin.logentry", "pk": 68, "fields": {"action_time": "2024-11-29T13:45:23.667Z", "user": 1, "content_type": 11, "object_id": "12", "object_repr": "Derecho P·blico y Privado", "action_flag": 2, "change_message": "[{\"changed\": {\"fields\": [\"Area\"]}}]"}}, {"model": "admin.logentry", "pk": 69, "fields": {"action_time": "2024-11-29T13:45:30.142Z", "user": 1, "content_type": 11, "object_id": "11", "object_repr": "Derecho Empresarial", "action_flag": 2, "change_message": "[{\"changed\": {\"fields\": [\"Area\"]}}]"}}, {"model": "admin.logentry", "pk": 70, "fields": {"action_time": "2024-11-29T13:45:35.188Z", "user": 1, "content_type": 11, "object_id": "10", "object_repr": "Derecho de la Competencia", "action_flag": 2, "change_message": "[{\"changed\": {\"fields\": [\"Area\"]}}]"}}, {"model": "admin.logentry", "pk": 71, "fields": {"action_time": "2024-11-29T13:45:40.802Z", "user": 1, "content_type": 11, "object_id": "9", "object_repr": "Derecho de la Propiedad Intelectual", "action_flag": 2, "change_message": "[{\"changed\": {\"fields\": [\"Area\"]}}]"}}, {"model": "admin.logentry", "pk": 72, "fields": {"action_time": "2024-11-29T13:45:52.465Z", "user": 1, "content_type": 11, "object_id": "8", "object_repr": "Derecho Ambiental", "action_flag": 2, "change_message": "[{\"changed\": {\"fields\": [\"Area\"]}}]"}}, {"model": "admin.logentry", "pk": 73, "fields": {"action_time": "2024-11-29T13:45:58.903Z", "user": 1, "content_type": 11, "object_id": "8", "object_repr": "Derecho Ambiental", "action_flag": 2, "change_message": "[]"}}, {"model": "admin.logentry", "pk": 74, "fields": {"action_time": "2024-11-29T13:46:04.444Z", "user": 1, "content_type": 11, "object_id": "7", "object_repr": "Derecho Internacional", "action_flag": 2, "change_message": "[{\"changed\": {\"fields\": [\"Area\"]}}]"}}, {"model": "admin.logentry", "pk": 75, "fields": {"action_time": "2024-11-29T13:46:10.323Z", "user": 1, "content_type": 11, "object_id": "6", "object_repr": "Derecho Laboral", "action_flag": 2, "change_message": "[{\"changed\": {\"fields\": [\"Area\"]}}]"}}, {"model": "admin.logentry", "pk": 76, "fields": {"action_time": "2024-11-29T13:46:13.894Z", "user": 1, "content_type": 11, "object_id": "6", "object_repr": "Derecho Laboral", "action_flag": 2, "change_message": "[]"}}, {"model": "admin.logentry", "pk": 77, "fields": {"action_time": "2024-11-29T13:46:22.382Z", "user": 1, "content_type": 11, "object_id": "7", "object_repr": "Derecho Internacional", "action_flag": 2, "change_message": "[]"}}, {"model": "admin.logentry", "pk": 78, "fields": {"action_time": "2024-11-29T13:46:25.927Z", "user": 1, "content_type": 11, "object_id": "6", "object_repr": "Derecho Laboral", "action_flag": 2, "change_message": "[]"}}, {"model": "admin.logentry", "pk": 79, "fields": {"action_time": "2024-11-29T13:46:30.877Z", "user": 1, "content_type": 11, "object_id": "5", "object_repr": "Derecho Mercantil", "action_flag": 2, "change_message": "[{\"changed\": {\"fields\": [\"Area\"]}}]"}}, {"model": "admin.logentry", "pk": 80, "fields": {"action_time": "2024-11-29T13:46:39.295Z", "user": 1, "content_type": 11, "object_id": "4", "object_repr": "Derecho Penal", "action_flag": 2, "change_message": "[{\"changed\": {\"fields\": [\"Area\"]}}]"}}, {"model": "admin.logentry", "pk": 81, "fields": {"action_time": "2024-11-29T13:46:51.920Z", "user": 1, "content_type": 11, "object_id": "3", "object_repr": "Derecho Civil", "action_flag": 2, "change_message": "[{\"changed\": {\"fields\": [\"Area\"]}}]"}}, {"model": "admin.logentry", "pk": 82, "fields": {"action_time": "2024-11-29T13:47:01.341Z", "user": 1, "content_type": 11, "object_id": "2", "object_repr": "Derecho Administrativo", "action_flag": 2, "change_message": "[{\"changed\": {\"fields\": [\"Area\"]}}]"}}, {"model": "admin.logentry", "pk": 83, "fields": {"action_time": "2024-11-29T13:47:10.309Z", "user": 1, "content_type": 11, "object_id": "2", "object_repr": "Derecho Administrativo", "action_flag": 2, "change_message": "[]"}}, {"model": "admin.logentry", "pk": 84, "fields": {"action_time": "2024-11-29T13:47:15.448Z", "user": 1, "content_type": 11, "object_id": "1", "object_repr": "Derecho Constitucional", "action_flag": 2, "change_message": "[{\"changed\": {\"fields\": [\"Area\"]}}]"}}, {"model": "admin.logentry", "pk": 85, "fields": {"action_time": "2024-12-05T13:02:51.371Z", "user": 1, "content_type": 16, "object_id": "1", "object_repr": "EL DERECHO HUMANO DE ACCESO A LA JUSTICIA DE LOS TRABAJADORES BUROCR┴TICOS EN M╔XICO", "action_flag": 2, "change_message": "[]"}}, {"model": "admin.logentry", "pk": 86, "fields": {"action_time": "2024-12-05T13:44:45.796Z", "user": 1, "content_type": 16, "object_id": "2", "object_repr": "CONFORMACI╙N DE GOBIERNOS IND═GENAS MEDIANTE NORMAS Y PROCEDIMIENTOS PROPIOS EN BOLIVIA A PARTIR DEL RECONOCIMIENTO DEL DERECHO A LA LIBRE DETERMINACI╙N DE LOS PUEBLOS.", "action_flag": 1, "change_message": "[{\"added\": {}}]"}}, {"model": "admin.logentry", "pk": 87, "fields": {"action_time": "2024-12-05T15:36:05.435Z", "user": 1, "content_type": 16, "object_id": "3", "object_repr": "EL DERECHO HUMANO DE ACCESO A LA JUSTICIA DE LOS TRABAJADORES BUROCR┴TICOS EN M╔XICO", "action_flag": 1, "change_message": "[{\"added\": {}}]"}}, {"model": "admin.logentry", "pk": 88, "fields": {"action_time": "2024-12-09T14:12:59.521Z", "user": 1, "content_type": 7, "object_id": "7", "object_repr": "administracion estrategica", "action_flag": 1, "change_message": "[{\"added\": {}}]"}}, {"model": "admin.logentry", "pk": 89, "fields": {"action_time": "2024-12-09T14:13:18.178Z", "user": 1, "content_type": 7, "object_id": "7", "object_repr": "administracion estrategica", "action_flag": 3, "change_message": ""}}, {"model": "admin.logentry", "pk": 90, "fields": {"action_time": "2024-12-09T14:36:02.043Z", "user": 1, "content_type": 7, "object_id": "8", "object_repr": "administracion estrategica", "action_flag": 1, "change_message": "[{\"added\": {}}]"}}, {"model": "admin.logentry", "pk": 91, "fields": {"action_time": "2024-12-09T14:39:05.579Z", "user": 1, "content_type": 7, "object_id": "8", "object_repr": "administracion estrategica", "action_flag": 3, "change_message": ""}}, {"model": "admin.logentry", "pk": 92, "fields": {"action_time": "2024-12-09T14:39:43.993Z", "user": 1, "content_type": 7, "object_id": "9", "object_repr": "administracion estrategica", "action_flag": 1, "change_message": "[{\"added\": {}}]"}}, {"model": "admin.logentry", "pk": 93, "fields": {"action_time": "2024-12-09T14:40:58.847Z", "user": 1, "content_type": 7, "object_id": "9", "object_repr": "administracion estrategica", "action_flag": 3, "change_message": ""}}, {"model": "admin.logentry", "pk": 94, "fields": {"action_time": "2024-12-09T18:28:47.376Z", "user": 1, "content_type": 16, "object_id": "4", "object_repr": "Esto es un ejemplo de lo que se debe cargar", "action_flag": 1, "change_message": "[{\"added\": {}}]"}}, {"model": "admin.logentry", "pk": 95, "fields": {"action_time": "2024-12-09T18:29:55.946Z", "user": 1, "content_type": 16, "object_id": "4", "object_repr": "Esto es un ejemplo de lo que se debe cargar", "action_flag": 2, "change_message": "[{\"changed\": {\"fields\": [\"Files\"]}}]"}}, {"model": "admin.logentry", "pk": 96, "fields": {"action_time": "2024-12-09T18:35:58.139Z", "user": 1, "content_type": 16, "object_id": "5", "object_repr": "otro articulo2", "action_flag": 1, "change_message": "[{\"added\": {}}]"}}, {"model": "admin.logentry", "pk": 97, "fields": {"action_time": "2024-12-09T18:37:12.788Z", "user": 1, "content_type": 16, "object_id": "6", "object_repr": "otro articulo 3", "action_flag": 1, "change_message": "[{\"added\": {}}]"}}, {"model": "admin.logentry", "pk": 98, "fields": {"action_time": "2024-12-09T20:37:14.880Z", "user": 1, "content_type": 16, "object_id": "7", "object_repr": "asdsadasdas", "action_flag": 1, "change_message": "[{\"added\": {}}]"}}, {"model": "admin.logentry", "pk": 99, "fields": {"action_time": "2024-12-09T20:37:39.605Z", "user": 1, "content_type": 16, "object_id": "8", "object_repr": "rtfgjhgjnghjgh", "action_flag": 1, "change_message": "[{\"added\": {}}]"}}, {"model": "admin.logentry", "pk": 100, "fields": {"action_time": "2024-12-09T20:38:22.663Z", "user": 1, "content_type": 16, "object_id": "8", "object_repr": "rtfgjhgjnghjgh", "action_flag": 2, "change_message": "[{\"changed\": {\"fields\": [\"Images\"]}}]"}}, {"model": "admin.logentry", "pk": 101, "fields": {"action_time": "2024-12-09T20:38:30.269Z", "user": 1, "content_type": 16, "object_id": "7", "object_repr": "asdsadasdas", "action_flag": 2, "change_message": "[{\"changed\": {\"fields\": [\"Images\"]}}]"}}, {"model": "admin.logentry", "pk": 102, "fields": {"action_time": "2024-12-09T20:39:02.910Z", "user": 1, "content_type": 16, "object_id": "9", "object_repr": "khjkhjkhjkhjk", "action_flag": 1, "change_message": "[{\"added\": {}}]"}}, {"model": "admin.logentry", "pk": 103, "fields": {"action_time": "2024-12-10T14:35:21.674Z", "user": 1, "content_type": 8, "object_id": "2", "object_repr": "Legal", "action_flag": 2, "change_message": "[{\"changed\": {\"fields\": [\"Area\"]}}]"}}, {"model": "admin.logentry", "pk": 104, "fields": {"action_time": "2024-12-11T14:51:20.792Z", "user": 1, "content_type": 7, "object_id": "10", "object_repr": "Recomendaci≤n del dφa", "action_flag": 1, "change_message": "[{\"added\": {}}]"}}, {"model": "admin.logentry", "pk": 105, "fields": {"action_time": "2024-12-11T14:55:20.390Z", "user": 1, "content_type": 7, "object_id": "10", "object_repr": "Recomendaci≤n del dφa", "action_flag": 2, "change_message": "[{\"changed\": {\"fields\": [\"Im\\u00e1genes\"]}}]"}}, {"model": "admin.logentry", "pk": 106, "fields": {"action_time": "2024-12-12T15:06:51.694Z", "user": 1, "content_type": 7, "object_id": "1", "object_repr": "Administraci≤n estratΘgica", "action_flag": 2, "change_message": "[{\"changed\": {\"fields\": [\"CodLib\", \"Descripci\\u00f3n\", \"Palabra clave\"]}}]"}}, {"model": "admin.logentry", "pk": 107, "fields": {"action_time": "2024-12-12T15:13:03.426Z", "user": 1, "content_type": 7, "object_id": "1", "object_repr": "Administraci≤n estratΘgica", "action_flag": 2, "change_message": "[{\"changed\": {\"fields\": [\"EditionBook\", \"CodLib\"]}}]"}}, {"model": "admin.logentry", "pk": 108, "fields": {"action_time": "2024-12-12T15:13:14.124Z", "user": 1, "content_type": 7, "object_id": "1", "object_repr": "Administraci≤n estratΘgica", "action_flag": 2, "change_message": "[{\"changed\": {\"fields\": [\"CodLib\"]}}]"}}, {"model": "auth.permission", "pk": 1, "fields": {"name": "Can add log entry", "content_type": 1, "codename": "add_logentry"}}, {"model": "auth.permission", "pk": 2, "fields": {"name": "Can change log entry", "content_type": 1, "codename": "change_logentry"}}, {"model": "auth.permission", "pk": 3, "fields": {"name": "Can delete log entry", "content_type": 1, "codename": "delete_logentry"}}, {"model": "auth.permission", "pk": 4, "fields": {"name": "Can view log entry", "content_type": 1, "codename": "view_logentry"}}, {"model": "auth.permission", "pk": 5, "fields": {"name": "Can add permission", "content_type": 2, "codename": "add_permission"}}, {"model": "auth.permission", "pk": 6, "fields": {"name": "Can change permission", "content_type": 2, "codename": "change_permission"}}, {"model": "auth.permission", "pk": 7, "fields": {"name": "Can delete permission", "content_type": 2, "codename": "delete_permission"}}, {"model": "auth.permission", "pk": 8, "fields": {"name": "Can view permission", "content_type": 2, "codename": "view_permission"}}, {"model": "auth.permission", "pk": 9, "fields": {"name": "Can add group", "content_type": 3, "codename": "add_group"}}, {"model": "auth.permission", "pk": 10, "fields": {"name": "Can change group", "content_type": 3, "codename": "change_group"}}, {"model": "auth.permission", "pk": 11, "fields": {"name": "Can delete group", "content_type": 3, "codename": "delete_group"}}, {"model": "auth.permission", "pk": 12, "fields": {"name": "Can view group", "content_type": 3, "codename": "view_group"}}, {"model": "auth.permission", "pk": 13, "fields": {"name": "Can add user", "content_type": 4, "codename": "add_user"}}, {"model": "auth.permission", "pk": 14, "fields": {"name": "Can change user", "content_type": 4, "codename": "change_user"}}, {"model": "auth.permission", "pk": 15, "fields": {"name": "Can delete user", "content_type": 4, "codename": "delete_user"}}, {"model": "auth.permission", "pk": 16, "fields": {"name": "Can view user", "content_type": 4, "codename": "view_user"}}, {"model": "auth.permission", "pk": 17, "fields": {"name": "Can add content type", "content_type": 5, "codename": "add_contenttype"}}, {"model": "auth.permission", "pk": 18, "fields": {"name": "Can change content type", "content_type": 5, "codename": "change_contenttype"}}, {"model": "auth.permission", "pk": 19, "fields": {"name": "Can delete content type", "content_type": 5, "codename": "delete_contenttype"}}, {"model": "auth.permission", "pk": 20, "fields": {"name": "Can view content type", "content_type": 5, "codename": "view_contenttype"}}, {"model": "auth.permission", "pk": 21, "fields": {"name": "Can add session", "content_type": 6, "codename": "add_session"}}, {"model": "auth.permission", "pk": 22, "fields": {"name": "Can change session", "content_type": 6, "codename": "change_session"}}, {"model": "auth.permission", "pk": 23, "fields": {"name": "Can delete session", "content_type": 6, "codename": "delete_session"}}, {"model": "auth.permission", "pk": 24, "fields": {"name": "Can view session", "content_type": 6, "codename": "view_session"}}, {"model": "auth.permission", "pk": 25, "fields": {"name": "Can add book", "content_type": 7, "codename": "add_book"}}, {"model": "auth.permission", "pk": 26, "fields": {"name": "Can change book", "content_type": 7, "codename": "change_book"}}, {"model": "auth.permission", "pk": 27, "fields": {"name": "Can delete book", "content_type": 7, "codename": "delete_book"}}, {"model": "auth.permission", "pk": 28, "fields": {"name": "Can view book", "content_type": 7, "codename": "view_book"}}, {"model": "auth.permission", "pk": 29, "fields": {"name": "Can add area", "content_type": 8, "codename": "add_area"}}, {"model": "auth.permission", "pk": 30, "fields": {"name": "Can change area", "content_type": 8, "codename": "change_area"}}, {"model": "auth.permission", "pk": 31, "fields": {"name": "Can delete area", "content_type": 8, "codename": "delete_area"}}, {"model": "auth.permission", "pk": 32, "fields": {"name": "Can view area", "content_type": 8, "codename": "view_area"}}, {"model": "auth.permission", "pk": 33, "fields": {"name": "Can add carrera", "content_type": 9, "codename": "add_carrera"}}, {"model": "auth.permission", "pk": 34, "fields": {"name": "Can change carrera", "content_type": 9, "codename": "change_carrera"}}, {"model": "auth.permission", "pk": 35, "fields": {"name": "Can delete carrera", "content_type": 9, "codename": "delete_carrera"}}, {"model": "auth.permission", "pk": 36, "fields": {"name": "Can view carrera", "content_type": 9, "codename": "view_carrera"}}, {"model": "auth.permission", "pk": 37, "fields": {"name": "Can add tesis", "content_type": 10, "codename": "add_tesis"}}, {"model": "auth.permission", "pk": 38, "fields": {"name": "Can change tesis", "content_type": 10, "codename": "change_tesis"}}, {"model": "auth.permission", "pk": 39, "fields": {"name": "Can delete tesis", "content_type": 10, "codename": "delete_tesis"}}, {"model": "auth.permission", "pk": 40, "fields": {"name": "Can view tesis", "content_type": 10, "codename": "view_tesis"}}, {"model": "auth.permission", "pk": 41, "fields": {"name": "Can add especialidad", "content_type": 9, "codename": "add_especialidad"}}, {"model": "auth.permission", "pk": 42, "fields": {"name": "Can change especialidad", "content_type": 9, "codename": "change_especialidad"}}, {"model": "auth.permission", "pk": 43, "fields": {"name": "Can delete especialidad", "content_type": 9, "codename": "delete_especialidad"}}, {"model": "auth.permission", "pk": 44, "fields": {"name": "Can view especialidad", "content_type": 9, "codename": "view_especialidad"}}, {"model": "auth.permission", "pk": 45, "fields": {"name": "Can add campo", "content_type": 11, "codename": "add_campo"}}, {"model": "auth.permission", "pk": 46, "fields": {"name": "Can change campo", "content_type": 11, "codename": "change_campo"}}, {"model": "auth.permission", "pk": 47, "fields": {"name": "Can delete campo", "content_type": 11, "codename": "delete_campo"}}, {"model": "auth.permission", "pk": 48, "fields": {"name": "Can view campo", "content_type": 11, "codename": "view_campo"}}, {"model": "auth.permission", "pk": 49, "fields": {"name": "Can add universidad", "content_type": 12, "codename": "add_universidad"}}, {"model": "auth.permission", "pk": 50, "fields": {"name": "Can change universidad", "content_type": 12, "codename": "change_universidad"}}, {"model": "auth.permission", "pk": 51, "fields": {"name": "Can delete universidad", "content_type": 12, "codename": "delete_universidad"}}, {"model": "auth.permission", "pk": 52, "fields": {"name": "Can view universidad", "content_type": 12, "codename": "view_universidad"}}, {"model": "auth.permission", "pk": 53, "fields": {"name": "Can add publicity", "content_type": 13, "codename": "add_publicity"}}, {"model": "auth.permission", "pk": 54, "fields": {"name": "Can change publicity", "content_type": 13, "codename": "change_publicity"}}, {"model": "auth.permission", "pk": 55, "fields": {"name": "Can delete publicity", "content_type": 13, "codename": "delete_publicity"}}, {"model": "auth.permission", "pk": 56, "fields": {"name": "Can view publicity", "content_type": 13, "codename": "view_publicity"}}, {"model": "auth.permission", "pk": 57, "fields": {"name": "Can add magazine", "content_type": 14, "codename": "add_magazine"}}, {"model": "auth.permission", "pk": 58, "fields": {"name": "Can change magazine", "content_type": 14, "codename": "change_magazine"}}, {"model": "auth.permission", "pk": 59, "fields": {"name": "Can delete magazine", "content_type": 14, "codename": "delete_magazine"}}, {"model": "auth.permission", "pk": 60, "fields": {"name": "Can view magazine", "content_type": 14, "codename": "view_magazine"}}, {"model": "auth.permission", "pk": 61, "fields": {"name": "Can add favorite", "content_type": 15, "codename": "add_favorite"}}, {"model": "auth.permission", "pk": 62, "fields": {"name": "Can change favorite", "content_type": 15, "codename": "change_favorite"}}, {"model": "auth.permission", "pk": 63, "fields": {"name": "Can delete favorite", "content_type": 15, "codename": "delete_favorite"}}, {"model": "auth.permission", "pk": 64, "fields": {"name": "Can view favorite", "content_type": 15, "codename": "view_favorite"}}, {"model": "auth.permission", "pk": 65, "fields": {"name": "Can add article", "content_type": 16, "codename": "add_article"}}, {"model": "auth.permission", "pk": 66, "fields": {"name": "Can change article", "content_type": 16, "codename": "change_article"}}, {"model": "auth.permission", "pk": 67, "fields": {"name": "Can delete article", "content_type": 16, "codename": "delete_article"}}, {"model": "auth.permission", "pk": 68, "fields": {"name": "Can view article", "content_type": 16, "codename": "view_article"}}, {"model": "auth.user", "pk": 1, "fields": {"password": "pbkdf2_sha256$870000$IXZApfpkUFW3VmIZx18vky$leb79liTh1fTFPAl4O2c1IrMEECDEqcnxsGahb8KnGc=", "last_login": "2024-12-13T02:33:07.311Z", "is_superuser": true, "username": "ripper", "first_name": "", "last_name": "", "email": "ripperbios@gmail.com", "is_staff": true, "is_active": true, "date_joined": "2024-10-23T05:56:23.665Z", "groups": [], "user_permissions": []}}, {"model": "auth.user", "pk": 2, "fields": {"password": "pbkdf2_sha256$870000$bdJVseJkz4bFISvn9Oxx0s$l7Jhvbe6vz2kIT5dNQN1ZCjcWHyoPi1PTPp/FDOojjo=", "last_login": "2024-11-13T15:11:31.215Z", "is_superuser": false, "username": "estudiante1", "first_name": "", "last_name": "", "email": "", "is_staff": false, "is_active": true, "date_joined": "2024-11-13T15:00:56.008Z", "groups": [], "user_permissions": []}}, {"model": "auth.user", "pk": 3, "fields": {"password": "pbkdf2_sha256$870000$s80byl9gCvToElqM6JoCE8$gsQ/76JIuksN5nnwfP7acbrs33r9l0APpr+Os+bYtpE=", "last_login": "2024-11-13T15:06:04.157Z", "is_superuser": false, "username": "estudiante2", "first_name": "Julio", "last_name": "Medrano", "email": "julio.medrano@esam.edu.bo", "is_staff": false, "is_active": true, "date_joined": "2024-11-13T15:06:03.555Z", "groups": [], "user_permissions": []}}, {"model": "auth.user", "pk": 4, "fields": {"password": "pbkdf2_sha256$870000$2L6cyIsLJ5oG0G6IZZoCTs$HdpsMsHs3Ri+OHunHVr/XF39qOaUL5PIMV5/wBu/F+0=", "last_login": "2024-11-27T14:00:50.137Z", "is_superuser": false, "username": "julio009", "first_name": "Marco", "last_name": "Medrano", "email": "julio@julio.com", "is_staff": false, "is_active": true, "date_joined": "2024-11-27T12:56:25.202Z", "groups": [], "user_permissions": []}}, {"model": "contenttypes.contenttype", "pk": 1, "fields": {"app_label": "admin", "model": "logentry"}}, {"model": "contenttypes.contenttype", "pk": 2, "fields": {"app_label": "auth", "model": "permission"}}, {"model": "contenttypes.contenttype", "pk": 3, "fields": {"app_label": "auth", "model": "group"}}, {"model": "contenttypes.contenttype", "pk": 4, "fields": {"app_label": "auth", "model": "user"}}, {"model": "contenttypes.contenttype", "pk": 5, "fields": {"app_label": "contenttypes", "model": "contenttype"}}, {"model": "contenttypes.contenttype", "pk": 6, "fields": {"app_label": "sessions", "model": "session"}}, {"model": "contenttypes.contenttype", "pk": 7, "fields": {"app_label": "library", "model": "book"}}, {"model": "contenttypes.contenttype", "pk": 8, "fields": {"app_label": "library", "model": "area"}}, {"model": "contenttypes.contenttype", "pk": 9, "fields": {"app_label": "library", "model": "especialidad"}}, {"model": "contenttypes.contenttype", "pk": 10, "fields": {"app_label": "library", "model": "tesis"}}, {"model": "contenttypes.contenttype", "pk": 11, "fields": {"app_label": "library", "model": "campo"}}, {"model": "contenttypes.contenttype", "pk": 12, "fields": {"app_label": "library", "model": "universidad"}}, {"model": "contenttypes.contenttype", "pk": 13, "fields": {"app_label": "library", "model": "publicity"}}, {"model": "contenttypes.contenttype", "pk": 14, "fields": {"app_label": "library", "model": "magazine"}}, {"model": "contenttypes.contenttype", "pk": 15, "fields": {"app_label": "library", "model": "favorite"}}, {"model": "contenttypes.contenttype", "pk": 16, "fields": {"app_label": "library", "model": "article"}}, {"model": "sessions.session", "pk": "43rm3171bnoairtcm4mzvwmxhs556jjc", "fields": {"session_data": ".eJxVjEEOwiAQRe_C2hAgU1pcuvcMZJgZpGpoUtpV491tky50-997f1MR16XEtckcR1ZXZdXld0tIL6kH4CfWx6Rpqss8Jn0o-qRN3yeW9-10_w4KtrLXvQvZUU4ClkHAZyFBkACmA6E8YJcCGuM8A3kBsoKJehoE2e8hq88XFbE5sA:1t44It:PfQSGEupMJ_ATI0Py53Zf45zUKRdxRZ5eynStvqDmxY", "expire_date": "2024-11-07T20:19:31.251Z"}}, {"model": "sessions.session", "pk": "4rwygxayashn8rkgxknl35gjng2zbooz", "fields": {"session_data": ".eJxVjEEOwiAQRe_C2hAgU1pcuvcMZJgZpGpoUtpV491tky50-997f1MR16XEtckcR1ZXZdXld0tIL6kH4CfWx6Rpqss8Jn0o-qRN3yeW9-10_w4KtrLXvQvZUU4ClkHAZyFBkACmA6E8YJcCGuM8A3kBsoKJehoE2e8hq88XFbE5sA:1tL4l5:O9cWi0i9r2Nr2edyfuS04zvODqrXGUsPc0g2_fgJ24Y", "expire_date": "2024-12-24T18:14:55.241Z"}}, {"model": "sessions.session", "pk": "7qc3os8969jepxg8dmim1wsnqumu6dtd", "fields": {"session_data": ".eJxVjEEOwiAQRe_C2hAgU1pcuvcMZJgZpGpoUtpV491tky50-997f1MR16XEtckcR1ZXZdXld0tIL6kH4CfWx6Rpqss8Jn0o-qRN3yeW9-10_w4KtrLXvQvZUU4ClkHAZyFBkACmA6E8YJcCGuM8A3kBsoKJehoE2e8hq88XFbE5sA:1tDZZo:On7tt8IAXZNfmb8__Y_RjCtWW-AJAsXSd7hDi9TqeVk", "expire_date": "2024-12-04T01:32:16.348Z"}}, {"model": "sessions.session", "pk": "mguh9vdtc3aolzm3bib1wi4f1hoql5du", "fields": {"session_data": ".eJxVjEEOwiAQRe_C2hAgU1pcuvcMZJgZpGpoUtpV491tky50-997f1MR16XEtckcR1ZXZdXld0tIL6kH4CfWx6Rpqss8Jn0o-qRN3yeW9-10_w4KtrLXvQvZUU4ClkHAZyFBkACmA6E8YJcCGuM8A3kBsoKJehoE2e8hq88XFbE5sA:1t9J3o:3OeZSKGf74Nwj5EdqiblwK918rZfmcIXRaUMefFOFj8", "expire_date": "2024-11-22T07:05:36.537Z"}}, {"model": "sessions.session", "pk": "q17de0nx1n6b5y7tdz5iyv3v0ez75ehm", "fields": {"session_data": ".eJxVjEEOwiAQRe_C2hAgU1pcuvcMZJgZpGpoUtpV491tky50-997f1MR16XEtckcR1ZXZdXld0tIL6kH4CfWx6Rpqss8Jn0o-qRN3yeW9-10_w4KtrLXvQvZUU4ClkHAZyFBkACmA6E8YJcCGuM8A3kBsoKJehoE2e8hq88XFbE5sA:1tDNbT:jjSkWMslR8imovB65oj46whFfLtWp9UBu4ZV2ICuBp8", "expire_date": "2024-12-03T12:45:11.348Z"}}, {"model": "sessions.session", "pk": "w1ayphy9kjo0uyt5v1q5hoix4svsloom", "fields": {"session_data": ".eJxVjEEOwiAQRe_C2hAgU1pcuvcMZJgZpGpoUtpV491tky50-997f1MR16XEtckcR1ZXZdXld0tIL6kH4CfWx6Rpqss8Jn0o-qRN3yeW9-10_w4KtrLXvQvZUU4ClkHAZyFBkACmA6E8YJcCGuM8A3kBsoKJehoE2e8hq88XFbE5sA:1t69MQ:ODiwfnCijbuj9SE0Ll6Xe6eud0xoe1J8w4j8q9tSDYM", "expire_date": "2024-11-13T14:07:46.619Z"}}, {"model": "sessions.session", "pk": "wiqnk2zqxtj538s5s21k5ffzya3fmznl", "fields": {"session_data": ".eJxVjEEOwiAQRe_C2hAgU1pcuvcMZJgZpGpoUtpV491tky50-997f1MR16XEtckcR1ZXZdXld0tIL6kH4CfWx6Rpqss8Jn0o-qRN3yeW9-10_w4KtrLXvQvZUU4ClkHAZyFBkACmA6E8YJcCGuM8A3kBsoKJehoE2e8hq88XFbE5sA:1tG8xH:r5ueYPYkbST-a9qAcMVOlwMf0GGm_i9hCp9WsTZfhvo", "expire_date": "2024-12-11T03:43:07.263Z"}}, {"model": "sessions.session", "pk": "wxhhh3jz3tgpb0ygbhhd7d3is0z78z6m", "fields": {"session_data": ".eJxVjEEOwiAQRe_C2hAgU1pcuvcMZJgZpGpoUtpV491tky50-997f1MR16XEtckcR1ZXZdXld0tIL6kH4CfWx6Rpqss8Jn0o-qRN3yeW9-10_w4KtrLXvQvZUU4ClkHAZyFBkACmA6E8YJcCGuM8A3kBsoKJehoE2e8hq88XFbE5sA:1t69dp:As_a3XbdZ0W2F-cYL3eupMpbdtEQKq9GXoM7-eRZZjk", "expire_date": "2024-11-13T14:25:45.626Z"}}, {"model": "sessions.session", "pk": "xr5nn1r8fll6tm558r1tvhi58bv1b26u", "fields": {"session_data": ".eJxVjEEOwiAQRe_C2hAgU1pcuvcMZJgZpGpoUtpV491tky50-997f1MR16XEtckcR1ZXZdXld0tIL6kH4CfWx6Rpqss8Jn0o-qRN3yeW9-10_w4KtrLXvQvZUU4ClkHAZyFBkACmA6E8YJcCGuM8A3kBsoKJehoE2e8hq88XFbE5sA:1tLvUJ:JI98Fcmlo9hifuQTgSToI2HRd6_QENnprH6gjy9GkaY", "expire_date": "2024-12-27T02:33:07.321Z"}}, {"model": "sessions.session", "pk": "xyz5b2702olc4fobl3uf1i3omcplqxhq", "fields": {"session_data": ".eJxVjEEOwiAQRe_C2hAgU1pcuvcMZJgZpGpoUtpV491tky50-997f1MR16XEtckcR1ZXZdXld0tIL6kH4CfWx6Rpqss8Jn0o-qRN3yeW9-10_w4KtrLXvQvZUU4ClkHAZyFBkACmA6E8YJcCGuM8A3kBsoKJehoE2e8hq88XFbE5sA:1tAwF4:ZwM9u5GlOkpLH0QNMAKRW52TxhAZR-nTeg-SftKkyyg", "expire_date": "2024-11-26T19:07:58.824Z"}}, {"model": "sessions.session", "pk": "yvh2ok7vqqvfj9kcdgztj2dcw7od1xvw", "fields": {"session_data": ".eJxVjEEOwiAQRe_C2hAgU1pcuvcMZJgZpGpoUtpV491tky50-997f1MR16XEtckcR1ZXZdXld0tIL6kH4CfWx6Rpqss8Jn0o-qRN3yeW9-10_w4KtrLXvQvZUU4ClkHAZyFBkACmA6E8YJcCGuM8A3kBsoKJehoE2e8hq88XFbE5sA:1tIuwB:4U671LYHzwDUsa7dk8VKSMD-46JuxlPkjyD87SsAoT0", "expire_date": "2024-12-18T19:21:27.005Z"}}, {"model": "library.area", "pk": 1, "fields": {"areaname": "Filosofφa"}}, {"model": "library.area", "pk": 2, "fields": {"areaname": "Legal"}}, {"model": "library.area", "pk": 3, "fields": {"areaname": "Ingenierφa"}}, {"model": "library.area", "pk": 4, "fields": {"areaname": "Salud"}}, {"model": "library.area", "pk": 5, "fields": {"areaname": "Tecnologφa"}}, {"model": "library.area", "pk": 6, "fields": {"areaname": "Empresarial"}}, {"model": "library.book", "pk": 1, "fields": {"title": "Administraci≤n estratΘgica", "author": "Thompson Peteraf", "edition": "Primera edici≤n", "codLib": "LIB-ADM-MCGRAW", "area": 6, "area2": 2, "publish_date": "2012-10-23", "editorial": "Mc Graw Hill", "pages": "698", "description": "Esta edici≤n representa una de nuestras revisiones mßs importantes y completas jamßs \r\nrealizadas. El miembro mßs reciente de nuestro equipo de autores, Margie Peteraf, se \r\nencarg≤ de examinar a cabalidad todos los pßrrafos de cada pßgina de los capφtulos de la \r\ndecimosΘptima edici≤n, los objetivos en general fueron incorporar nuevas perspectivas y \r\nlas mejores ideas acadΘmicas.", "kword": "administraci≤n y estrategias", "files": "pdfs/Administracion_Estrategica_-_Arthur_A._Thompson_2012.pdf", "images": "logos/AdminEstrate.png"}}, {"model": "library.book", "pk": 2, "fields": {"title": "El libro negro del programador", "author": "Rafael G≤mez Blanes", "edition": null, "codLib": null, "area": 5, "area2": 3, "publish_date": "2017-07-07", "editorial": "Espa", "pages": "172", "description": "El siglo XXI es el de la sociedad de la informaci≤n y las nuevas\r\ntecnologφas: todo ello no serφa posible sin la enorme industria del\r\nsoftware que le sirve de base.", "kword": null, "files": "pdfs/El_libro_negro_del_programador_-_Rafael_Gomez_Blanes_2.pdf", "images": "logos/LibroNegroDelProgramador.jpg"}}, {"model": "library.book", "pk": 3, "fields": {"title": "Mßs allß del bien y del mal", "author": "Friedrich Nietzsche", "edition": null, "codLib": null, "area": 1, "area2": null, "publish_date": "2024-10-23", "editorial": "E Alejandria", "pages": "361", "description": "Suponiendo que la verdad sea una mujer -, ┐c≤mo?, ┐no estß justificada la sospecha de que todos los fil≤sofos, en la medida en que han sido dogmßticos, han entendido poco de mujeres?, ┐de que la estremecedora seriedad, la torpe insistencia con que hasta ahora han solido acercarse a la verdad eran medios inhßbiles e ineptos para conquistar los favores precisamente de una hembra? Lo cierto es que la verdad no se ha dejado conquistar: - y hoy toda especie de dogmßtica estß ahφ en pie.", "kword": null, "files": "pdfs/Mas_alla_del_bien_y_del_mal_-_Friedrich_Nietzsche_1886.pdf", "images": "logos/MasAlla.jpg"}}, {"model": "library.book", "pk": 4, "fields": {"title": "Derecho del trabajo", "author": "Benito PΘrez", "edition": null, "codLib": null, "area": 2, "area2": null, "publish_date": "1983-10-23", "editorial": "Astrea", "pages": "551", "description": "La publicaci≤n de esta obra, despuΘs de una prolongada labor docente en distintas universidades, tiene por objeto brindar un modesto testimonio de una preocupaci≤n por la materia a aquellos que pasaron por el aula y a quienes he de tener siempre presentes en mi aprecio y en mi recuerdo.", "kword": null, "files": "pdfs/Derecho_del_trabajo_-_Benito_PΘrez_-_1983.pdf", "images": "logos/derechoTrabajo.png"}}, {"model": "library.book", "pk": 5, "fields": {"title": "ADMINISTRACI╙N  DE LA CADENA DE SUMINISTRO", "author": "Sunil Chopra", "edition": null, "codLib": null, "area": 3, "area2": null, "publish_date": "2013-11-27", "editorial": "Pearson", "pages": "532", "description": "Este libro estß dirigido tanto para acadΘmicos como para profesionistas. Por el lado acadΘmico, es apro\r\npiado para estudiantes que estßn cursando carreras de administraci≤n de empresas, ingenierφa industrial, \r\nmaestrφas de ingenierφa, y para aquellos en el ·ltimo a±o y estßn interesados en la administraci≤n y logφs\r\ntica de la cadena de suministro. TambiΘn es muy ·til como referencia tanto de conceptos como de meto\r\ndologφas para los profesionales que se desempe±an en el ßrea de consultorφa y otras ramas de la industria.", "kword": null, "files": "pdfs/ADMINISTRACION_DE_LA_CADENA_DE_SUMINISTRO-_Sunil_Chopra_2013.pdf", "images": "logos/adimnistracionCadena.jpg"}}, {"model": "library.book", "pk": 6, "fields": {"title": "AN┴LISIS DE EDIFICIOS", "author": "┴NGEL SAN BAR TOLOM╔", "edition": null, "codLib": null, "area": 3, "area2": null, "publish_date": "1998-03-27", "editorial": "Fondo Editorial de la Pontificia Universidad Cat≤lica del Per·.", "pages": "344", "description": "Los mΘtodos del Portal y Voladizo s≤lo proporcionan una estimaci≤n de los esfuerzos en \r\nlas barras de los p≤rticos sujetos a cargas laterales; aun asφ, el mΘtodo del Portal fue \r\nempleado para el dise±o de uno de los edificios mßs altos del mundo: el \"Empire State\", \r\nconstruido el a±o 1930 en Nueva York, que hasta la fecha a podido resistir fuertes vientos, \r\nsismos leves e incluso el choque de un bombardero 8-25 (el a±o 1945) contra el piso 79.", "kword": null, "files": "pdfs/ANALISIS_DE_EDIFICIOS-ANGEL_SAN_BARTOLOME-1998.pdf", "images": "logos/analisisEdif.jpg"}}, {"model": "library.book", "pk": 10, "fields": {"title": "Recomendaci≤n del dφa", "author": "Carlos Bravo Reyes", "edition": null, "codLib": null, "area": 6, "area2": 2, "publish_date": "2020-12-11", "editorial": "bit.ly/mis_redes", "pages": "142", "description": "Las recomendaciones diarias se inician en los primeros dφas de cuarentena en Bolivia, debido a la presencia del COVID-19. Lo que parecφa una historia de ciencia ficci≤n se transform≤ en realidad y la mayor parte de la poblaci≤n mundial nos vimos obligados a permanecer en las casas sin apenas salir a otras partes.\r\nEn Bolivia la cuarentena inici≤ el 22 de marzo del 2020 y hoy 16 de octubre cuando reviso por tercera ocasi≤n estas lφneas y publico la recomendaci≤n 200, seguimos con esta medida, aunque con amplio relajamiento. Esta es la tercera edici≤n del libro, la primera el 11 de julio, la segunda el 27 de agosto y la cuarta serß al arribar a las 250", "kword": "administraci≤n y estrategias", "files": "pdfs/250_RECOMENDACIONES_DIARIAS__-_CAELOS_BRAVO_2020.pdf", "images": "logos/consejos.png"}}, {"model": "library.campo", "pk": 1, "fields": {"area": 2, "campoName": "Derecho Constitucional"}}, {"model": "library.campo", "pk": 2, "fields": {"area": 2, "campoName": "Derecho Administrativo"}}, {"model": "library.campo", "pk": 3, "fields": {"area": 2, "campoName": "Derecho Civil"}}, {"model": "library.campo", "pk": 4, "fields": {"area": 2, "campoName": "Derecho Penal"}}, {"model": "library.campo", "pk": 5, "fields": {"area": 2, "campoName": "Derecho Mercantil"}}, {"model": "library.campo", "pk": 6, "fields": {"area": 2, "campoName": "Derecho Laboral"}}, {"model": "library.campo", "pk": 7, "fields": {"area": 2, "campoName": "Derecho Internacional"}}, {"model": "library.campo", "pk": 8, "fields": {"area": 2, "campoName": "Derecho Ambiental"}}, {"model": "library.campo", "pk": 9, "fields": {"area": 2, "campoName": "Derecho de la Propiedad Intelectual"}}, {"model": "library.campo", "pk": 10, "fields": {"area": 2, "campoName": "Derecho de la Competencia"}}, {"model": "library.campo", "pk": 11, "fields": {"area": 2, "campoName": "Derecho Empresarial"}}, {"model": "library.campo", "pk": 12, "fields": {"area": 2, "campoName": "Derecho P·blico y Privado"}}, {"model": "library.universidad", "pk": 1, "fields": {"universityName": "Universidad nacional siglo XX"}}, {"model": "library.tesis", "pk": 1, "fields": {"title": "INCORPORACI╙N DE LA FIGURA JUR═DICA ôELECCI╙N DEL DEFENSOR DEL PUEBLO POR VOTO POPULARö COMO LEGITIMIDAD CIUDADANA A LA CONSTITUCI╙N POL═TICA DEL ESTADO", "author": "LIC. ROBERTO DE LA CRUZ FLORES", "edition": null, "codThesis": null, "area": 2, "area2": null, "campo": 1, "publish_date": "2024-11-07", "universidad": 1, "pages": "111", "description": "De acuerdo a la publicaci≤n del Instituto Interamericano de Derechos Humanos (Rodrφguez, 2007-2009, pp.11-12), el Ombudsman (Defensor del Pueblo), es una instituci≤n que protege a las personas contra los abusos o actos arbitrarios de la administraci≤n p·blica, que pueden afectar sus derechos y garantφas fundamentales. En Bolivia ôla Defensorφa del Pueblo fue creada en 1994 por mandato constitucional, cuya funci≤n es velar por la vigencia, promoci≤n, difusi≤n y cumplimiento de los derechos humanos, individuales y colectivos, que se establecen en la Constituci≤n, las leyes y los instrumentos internacionalesö, seg·n el documento oficial: (https://www.defensoria.gob.bo).", "kword": "inc1", "files": "pdfs/DE_LA_CRUZ_FLORES_ROBERTO.pdf", "images": "logos/INCORPORACI╙N_DE_LA_FIGURA_JUR═DICA_ELECCI╙N_DEL_DEFENSOR_DEL_PUEBLO_POR_VOTO_POPULAR_COMO_LEGITIMIDAD_CIUDADANA_A_LA_CONSTITUCI╙N_POL═TICA_DEL_ESTADO.png"}}, {"model": "library.publicity", "pk": 1, "fields": {"img": "flayer/biblioteca_.jpg", "span": "Encuentra el mejor apoyo bibliogrßfico para su tesis o proyecto de grado."}}, {"model": "library.publicity", "pk": 2, "fields": {"img": "flayer/tesis.jpg", "span": "Consulta formatos y modelos de las mejores tesis revisada por nuestra ßrea acadΘmica."}}, {"model": "library.publicity", "pk": 3, "fields": {"img": "flayer/libro_con_manos.jpg", "span": "Gestiona tus b·squedas y contacta con un tutor."}}, {"model": "library.magazine", "pk": 1, "fields": {"magazineName": "REVISTA JURIDICA  UMSA  - EL DERECHO HUMANO DE ACCESO A LA JUSTICIA DE  -  TRUJILLO R., ┴VILA J. - ABRIL 2019", "magazineArea": 2, "files": "pdfM/REVISTA_JURIDICA__UMSA__-_EL_DERECHO_HUMANO_DE_ACCESO_A_LA_JUSTICIA_DE__-__TRUJILLO_R._┴VILA_J._-_ABRIL_2019_.pdf", "images": "logosm/legalimg1_UPCalSl.png"}}, {"model": "library.magazine", "pk": 2, "fields": {"magazineName": "REVISTA CIENTIFICA CIENCIAS ECONOMICAS Y EMPRESARIALES-N10V4-2019", "magazineArea": 6, "files": "pdfm/REVISTA_CIENTIFICA_CIENCIAS_ECONOMICAS_Y_EMPRESARIALES-N10V4-2019_rWkCLgi.pdf", "images": "logosm/imgEmpresarial1.png"}}, {"model": "library.favorite", "pk": 12, "fields": {"user": 1, "book": 1, "thesis": null, "created_at": "2024-11-26T14:40:08.353Z"}}, {"model": "library.favorite", "pk": 13, "fields": {"user": 1, "book": 5, "thesis": null, "created_at": "2024-11-27T04:19:46.519Z"}}, {"model": "library.favorite", "pk": 14, "fields": {"user": 4, "book": 1, "thesis": null, "created_at": "2024-11-27T12:58:40.981Z"}}, {"model": "library.favorite", "pk": 15, "fields": {"user": 4, "book": 2, "thesis": null, "created_at": "2024-11-27T12:59:13.528Z"}}, {"model": "library.favorite", "pk": 17, "fields": {"user": 1, "book": 2, "thesis": null, "created_at": "2024-12-24T03:16:38.711Z"}}, {"model": "library.favorite", "pk": 18, "fields": {"user": 1, "book": null, "thesis": 1, "created_at": "2024-12-24T06:00:47.121Z"}}, {"model": "library.article", "pk": 1, "fields": {"articleTitle": "EL DERECHO HUMANO DE ACCESO A LA JUSTICIA DE LOS TRABAJADORES BUROCR┴TICOS EN M╔XICO", "articleAuthor": "Rosa Ivonne Trujillo Garcφa", "codArticle": null, "articleArea": 2, "articleArea2": null, "articleCampo": 6, "articlePublish_date": "2019-04-04", "articleUniversidad": 1, "articlePages": "24", "articleDescription": "Este artφculo tiene como objetivo analizar la justicia laboral burocrßtica en los Estados Unidos Mexicanos, ya que esta se debe adaptar a los mandatos del artφculo 1 de la constituci≤n, en donde se reconocen los derechos humanos de todas las personas en MΘxico, incluyendo a los trabajadores burocrßticos. Surgi≤ la siguiente interrogante: ┐el Tribunal Federal de Conciliaci≤n y Arbitraje en MΘxico respeta el derecho humano de acceso a la justicia de los trabajadores burocrßticos? Este derecho estß reconocido en la Convenci≤n Americana sobre Derechos Humanos y en la legislaci≤n nacional. Asφ, a travΘs del mΘtodo de anßlisis-jurφdico, se analiz≤ la justicia laboral burocrßtica en el tribunal mßs importante del paφs en esta materia. De igual forma, se estudi≤ tanto la legislaci≤n.", "articleKword": "derechoH", "articleFiles": "pdfs/REVISTA_JURIDICA__UMSA__-_EL_DERECHO_HUMANO_DE_ACCESO_A_LA_JUSTICIA_DE__-__TRUJILLO_R._┴VILA_J._-_ABRIL_2019__removed.pdf", "articleImages": "logos/portada1.png"}}, {"model": "library.article", "pk": 2, "fields": {"articleTitle": "CONFORMACI╙N DE GOBIERNOS IND═GENAS MEDIANTE NORMAS Y PROCEDIMIENTOS PROPIOS EN BOLIVIA A PARTIR DEL RECONOCIMIENTO DEL DERECHO A LA LIBRE DETERMINACI╙N DE LOS PUEBLOS.", "articleAuthor": "Idelfonso Mamani Romero", "codArticle": null, "articleArea": 2, "articleArea2": null, "articleCampo": 1, "articlePublish_date": "2024-12-05", "articleUniversidad": 1, "articlePages": "24", "articleDescription": "El presente artφculo es una recopilaci≤n de la legislaci≤n boliviana e internacional referente al reconocimiento del derecho de libre determinaci≤n de los pueblos como un derecho humano; describiendo la experiencia boliviana en el proceso de conformaci≤n de los gobiernos aut≤nomo indφgena originario campesinos y a elecci≤n de autoridades del Gobierno aut≤nomo Guaranφ Charagua Iyambae, la Autonomφa Indφgena Originario Campesina de la Naci≤n Uru Chipaya y la Autonomφa del Pueblo Indφgena de Raqaypampa; a partir de la aplicaci≤n de normas y procedimientos propios establecidos en sus estatutos, reglamentos y demßs leyes en el marco de la Democracia Comunitaria.", "articleKword": "derecho constitucional", "articleFiles": "pdfs/REVISTA_JURIDICA__UMSA_-_CONFORMACI╙N_DE_GOBIERNOS_IND═GENAS__-__MAMANI_I_k5mbeir._-__MAYO_2019_.pdf", "articleImages": "logos/portada1_muy6FMq.png"}}, {"model": "library.article", "pk": 3, "fields": {"articleTitle": "EL DERECHO HUMANO DE ACCESO A LA JUSTICIA DE LOS TRABAJADORES BUROCR┴TICOS EN M╔XICO", "articleAuthor": "Rosa Ivonne Trujillo Garcφa", "codArticle": null, "articleArea": 2, "articleArea2": null, "articleCampo": 6, "articlePublish_date": "2019-03-28", "articleUniversidad": null, "articlePages": "24", "articleDescription": "Unidos\r\nen donde se reconoce los derechos humanos de todas las personas en MΘxico, incluyendo\r\nFederal de Conciliaci≤n y Arbitraje en MΘxico respeta el derecho humano de acceso a la\r\nsobre Derechos Humanos y en la legislaci≤n nacional. Asφ, a travΘs del mΘtodo de anßlisisen\r\nesta materia. De igual forma, se estudi≤ tanto", "articleKword": "derechoH", "articleFiles": "pdfs/REVISTA_JURIDICA__UMSA__-_EL_DERECHO_HUMANO_DE_ACCESO_A_LA_JUSTICIA_DE__-__TRUJILLO_R_hRtm73g._┴VILA_J._-_ABRIL_2019__removed.pdf", "articleImages": "logos/portada1_Jss8fDB.png"}}, {"model": "library.article", "pk": 4, "fields": {"articleTitle": "Esto es un ejemplo de lo que se debe cargar", "articleAuthor": "yo soy el autor", "codArticle": null, "articleArea": 2, "articleArea2": null, "articleCampo": 8, "articlePublish_date": "2024-12-09", "articleUniversidad": null, "articlePages": "30", "articleDescription": "Esto es un ejemplo de descripcion de como se debe completar", "articleKword": "ambiental", "articleFiles": "pdfs/REVISTA_JURIDICA_UMSA_-_LA_PRUEBA_EN_EL_PROCESO_EUROPEO_-__BLASCO_J._-_MARZO__2019.pdf", "articleImages": "logos/portada1_3TAWmV5.png"}}, {"model": "library.article", "pk": 5, "fields": {"articleTitle": "otro articulo2", "articleAuthor": "yo mismo", "codArticle": null, "articleArea": 2, "articleArea2": null, "articleCampo": 10, "articlePublish_date": "2024-12-09", "articleUniversidad": null, "articlePages": "30", "articleDescription": "este es otra descripcion", "articleKword": "derecho c", "articleFiles": "pdfs/REVISTA_JURIDICA_UMSA_-_LA_PIR┴MIDE_DE_KELSEN_O_JERARQU═A_NORMATIVA__-_GALINDO_M._-_SEPTIEMBRE__2018.pdf", "articleImages": "logos/portada1_5wI0KdS.png"}}, {"model": "library.article", "pk": 6, "fields": {"articleTitle": "otro articulo 3", "articleAuthor": "yo mismo", "codArticle": null, "articleArea": 2, "articleArea2": null, "articleCampo": 7, "articlePublish_date": "2024-12-09", "articleUniversidad": null, "articlePages": "40", "articleDescription": "otra descripcion", "articleKword": "internacional", "articleFiles": "pdfs/REVISTA_JURIDICA_UMSA_-_LA_PIR┴MIDE_DE_KELSEN_O_JERARQU═A_NORMATIVA__-_GALINDO_M_wATxY5Q._-_SEPTIEMBRE__2018.pdf", "articleImages": "logos/portada1_91KU5Vj.png"}}, {"model": "library.article", "pk": 7, "fields": {"articleTitle": "asdsadasdas", "articleAuthor": "sadasdasdas", "codArticle": null, "articleArea": 2, "articleArea2": null, "articleCampo": 10, "articlePublish_date": "2024-12-09", "articleUniversidad": null, "articlePages": "60", "articleDescription": "asdasdsadasd", "articleKword": "asdasdasdas", "articleFiles": "pdfs/REVISTA_JURIDICA_UMSA_-_EL_ERROR_DE_PROHIBICI╙N_CULTURALMENTE__-_MOSTAJO_J._-_SEPTIEMBRE___2018.pdf", "articleImages": "logos/legalimg1_P0aLEsO.png"}}, {"model": "library.article", "pk": 8, "fields": {"articleTitle": "rtfgjhgjnghjgh", "articleAuthor": "hgjghjddfhh", "codArticle": null, "articleArea": 2, "articleArea2": null, "articleCampo": 4, "articlePublish_date": "2024-12-09", "articleUniversidad": null, "articlePages": "90", "articleDescription": "fghdhdhdfhg", "articleKword": "fghdfhf", "articleFiles": "pdfs/REVISTA_JURIDICA_UMSA_-_LA_PIR┴MIDE_DE_KELSEN_O_JERARQU═A_NORMATIVA__-_GALINDO_M_3tOZjH7._-_SEPTIEMBRE__2018.pdf", "articleImages": "logos/legalimg1.png"}}, {"model": "library.article", "pk": 9, "fields": {"articleTitle": "khjkhjkhjkhjk", "articleAuthor": "hjkhjkhjkhjk", "codArticle": null, "articleArea": 2, "articleArea2": null, "articleCampo": 2, "articlePublish_date": "2024-12-09", "articleUniversidad": null, "articlePages": "60", "articleDescription": "jfghsfvxcvzfdzsfdsf", "articleKword": "gfdgsdfgs", "articleFiles": "pdfs/REVISTA_JURIDICA_UMSA_-_LA_PRUEBA_EN_EL_PROCESO_EUROPEO_-__BLASCO_J_PlE7SdS._-_MARZO__2019.pdf", "articleImages": "logos/legalimg1_UxVdakE.png"}}]
